tumor_pixels,all_pixels
131,255
105,255
0,255
85,225
0,255
59,255
140,249
140,189
0,176
105,222
0,124
97,255
0,215
101,255
86,210
0,255
0,214
167,152
139,255
111,211
22,0
108,188
0,255
0,173
0,255
169,255
0,255
0,223
0,150
79,159
0,255
0,255
0,255
0,174
65,255
0,255
0,151
46,255
16,213
0,255
0,255
153,211
0,255
0,255
0,255
0,195
34,255
0,220
0,255
0,255
0,134
0,255
119,255
0,255
0,137
0,0
159,190
38,255
33,247
11,255
8,255
84,255
0,185
170,201
129,188
0,255
0,254
0,158
189,197
186,255
0,207
70,181
43,255
0,194
0,167
147,216
0,255
6,255
33,255
0,218
112,201
195,255
0,255
13,255
0,255
0,255
0,228
0,255
88,236
123,255
147,159
0,192
0,255
0,255
168,255
0,255
69,206
0,255
167,255
5,211
0,204
29,255
0,255
127,255
0,255
0,225
0,182
0,208
191,255
0,255
0,255
162,255
45,255
59,255
0,228
140,255
0,176
0,169
0,227
76,224
0,255
114,255
0,0
0,255
0,77
0,255
0,195
0,255
0,255
151,255
0,221
4,255
81,255
66,255
0,255
50,231
0,190
5,255
32,183
54,81
93,255
0,255
0,255
2,255
0,141
0,152
178,129
0,238
0,142
127,255
0,56
150,255
0,213
0,228
28,226
0,255
0,224
96,195
0,157
0,255
0,255
0,255
71,216
47,255
5,228
0,255
176,255
73,198
0,255
128,255
0,211
151,255
86,226
73,119
131,255
0,255
0,255
54,255
0,239
0,104
0,253
0,183
0,254
0,187
0,255
9,255
134,255
134,216
97,255
118,73
0,255
0,149
0,255
144,203
0,255
143,208
0,255
120,255
0,255
127,255
65,255
43,213
0,154
160,168
0,233
0,255
59,201
0,0
135,255
160,255
0,255
0,255
0,255
15,192
0,255
85,200
97,255
0,255
175,255
0,255
0,255
0,255
0,255
0,255
0,87
0,0
56,235
0,255
0,144
40,255
0,177
141,255
84,255
0,214
57,255
0,255
0,255
57,255
88,255
0,181
0,255
84,255
0,217
38,143
0,255
0,255
46,202
40,203
173,234
121,194
0,255
48,0
61,218
103,255
0,226
0,179
172,188
141,255
0,255
95,161
68,255
78,140
0,255
48,157
144,191
0,255
163,255
149,172
178,255
0,211
0,255
0,255
131,255
152,255
163,255
0,190
0,255
93,215
0,189
48,255
0,223
174,255
0,211
0,241
121,227
57,255
107,205
165,228
0,255
0,255
0,177
100,255
128,255
0,177
121,255
170,81
0,255
0,255
22,227
92,255
0,255
88,255
119,203
68,255
95,206
105,204
153,255
0,217
0,179
221,255
0,200
38,255
1,255
0,179
0,255
0,255
0,255
0,255
104,255
24,179
137,204
0,117
131,255
0,255
0,255
41,0
0,255
1,140
128,184
157,255
139,255
29,255
65,255
130,255
71,255
0,255
0,255
163,142
68,211
17,255
0,209
105,255
0,162
0,0
0,97
0,231
48,177
75,255
47,255
0,255
0,255
0,255
0,27
0,224
116,255
110,208
0,119
172,213
0,255
107,215
0,207
0,255
0,255
66,220
0,255
36,255
151,255
0,238
169,255
33,208
95,255
13,255
32,255
130,202
134,217
6,105
0,255
166,255
8,170
0,129
0,255
0,255
101,255
198,255
140,255
133,255
105,244
173,255
0,255
89,255
124,64
131,166
123,221
0,193
0,255
0,228
186,255
165,156
57,152
0,255
0,231
0,255
0,160
200,214
161,216
0,189
97,153
0,255
38,255
0,255
97,205
0,91
161,188
0,232
175,255
103,255
154,255
103,255
39,120
120,255
0,255
156,255
0,193
153,160
93,255
0,255
7,255
121,174
0,255
145,254
77,255
0,192
105,197
0,211
89,208
0,255
0,255
63,0
0,147
95,255
0,255
0,217
0,251
15,105
179,255
54,255
0,189
68,255
0,255
77,255
0,176
8,223
40,255
0,255
0,255
162,255
0,130
165,255
0,255
0,168
0,255
93,199
128,255
178,247
22,255
0,255
96,255
0,0
0,255
145,255
0,255
0,241
0,126
0,255
0,255
0,255
85,255
0,119
0,255
118,119
0,255
16,216
32,113
30,255
0,255
0,255
0,255
0,255
131,255
0,255
23,255
59,0
0,202
133,176
0,255
0,255
64,228
0,178
156,255
0,159
89,255
170,213
0,144
105,171
0,255
0,255
185,255
0,168
105,158
57,208
126,255
0,255
0,255
0,255
52,118
141,255
0,255
0,255
179,248
0,255
0,255
0,255
0,255
0,197
123,255
94,255
139,255
170,181
85,211
0,232
0,255
120,255
119,216
30,232
0,255
0,220
8,221
63,255
0,255
0,255
170,176
125,255
100,255
0,255
0,254
0,255
123,255
139,220
113,229
188,255
0,175
27,253
0,197
56,255
131,255
0,255
0,255
0,255
0,255
0,206
72,255
0,172
0,255
0,254
0,0
0,255
128,255
166,0
0,226
41,211
0,182
94,255
43,0
113,206
0,169
8,251
0,231
9,255
0,168
159,233
0,166
86,255
118,255
0,227
173,188
125,255
0,249
28,254
0,255
142,255
0,255
1,227
0,255
100,195
0,255
0,187
169,255
0,255
173,255
0,207
112,211
0,255
89,149
101,222
0,195
93,209
20,254
86,255
0,202
117,243
0,141
124,255
37,255
0,219
96,255
165,255
114,255
133,242
92,142
211,228
0,254
0,255
0,255
144,255
41,110
13,130
0,255
0,255
113,255
0,255
0,192
32,207
96,255
0,183
0,202
200,255
0,0
0,255
167,255
0,255
100,255
0,255
0,234
163,243
129,255
14,223
0,233
199,138
0,5
126,255
0,255
0,140
0,255
70,255
0,255
0,255
0,255
146,211
97,209
62,255
160,163
0,213
0,255
0,224
32,142
80,255
0,255
53,181
0,255
79,255
0,174
0,200
70,255
173,255
18,207
0,240
0,255
0,68
59,231
110,255
102,207
70,254
112,229
31,255
0,255
17,0
0,255
0,243
157,227
0,255
0,131
18,255
147,255
159,255
0,0
142,255
76,255
0,255
128,179
114,231
96,255
142,255
0,255
0,255
0,255
155,255
2,197
147,255
157,233
121,255
121,255
0,163
109,205
0,255
88,254
0,255
0,255
153,177
153,255
0,117
120,0
113,255
66,255
0,255
105,59
57,255
0,230
105,217
0,255
0,226
0,255
145,255
0,255
97,245
80,255
0,255
192,255
0,255
162,0
0,255
0,255
0,215
0,255
131,116
163,145
0,125
0,208
147,0
156,255
0,146
0,255
40,191
30,230
0,255
154,255
0,255
0,255
103,249
158,255
17,232
0,255
0,255
162,207
0,168
102,255
0,255
65,255
66,255
72,255
97,255
0,135
69,221
0,217
0,174
23,140
0,255
17,255
0,255
39,86
162,193
0,255
45,110
8,193
77,192
65,211
0,206
61,223
0,222
0,6
25,239
53,255
0,255
0,255
81,255
131,199
0,255
145,255
0,202
0,255
0,228
13,255
135,255
92,190
138,255
0,255
32,187
0,192
130,255
7,255
0,255
0,169
0,255
167,255
0,255
20,206
73,150
0,188
0,255
103,198
69,255
0,240
0,255
86,255
0,177
0,255
0,255
173,255
0,225
109,80
60,255
86,183
176,255
143,255
63,255
0,255
0,255
92,255
0,214
191,241
158,255
0,236
0,255
0,255
0,255
89,255
146,209
54,255
0,127
0,209
0,187
64,235
155,234
0,255
101,150
117,113
7,160
0,216
160,204
0,223
108,220
0,255
0,255
0,137
186,228
103,39
0,184
32,255
0,255
85,223
0,255
0,255
178,139
0,197
59,255
52,186
34,255
0,255
112,255
116,255
114,255
140,255
0,223
70,254
118,161
183,214
96,217
0,255
76,255
0,206
0,255
0,191
50,255
101,208
0,151
0,211
168,197
160,183
0,130
102,255
88,255
70,170
0,255
194,255
0,255
0,255
30,255
5,255
4,113
0,95
0,214
0,0
93,255
0,131
121,255
0,216
0,255
0,255
0,147
0,218
0,255
159,255
89,242
144,213
0,211
68,255
0,255
95,206
153,255
0,158
0,198
0,255
127,224
137,245
146,208
166,255
81,255
0,228
0,177
0,255
121,255
0,255
0,238
65,163
0,210
128,255
149,0
154,255
177,242
166,216
0,159
0,197
0,255
0,255
150,179
125,255
103,165
138,255
0,255
0,199
0,182
1,255
0,255
0,255
0,255
0,255
111,255
0,135
0,254
97,255
102,255
93,255
0,255
0,204
84,191
184,255
103,255
107,235
0,214
66,255
155,255
31,255
0,255
0,190
0,255
0,208
73,0
0,255
0,195
82,255
2,201
0,0
192,255
0,254
0,97
0,178
0,198
97,255
24,255
113,127
0,197
78,255
0,137
0,169
0,201
0,204
0,168
147,188
0,255
0,255
149,255
105,187
23,253
0,255
144,255
146,255
118,255
144,255
0,255
166,255
0,173
0,114
88,255
139,255
0,255
108,213
5,160
0,255
91,255
0,255
0,255
93,255
0,0
13,255
0,255
39,168
0,255
71,254
0,255
0,255
0,255
37,255
112,255
30,133
0,255
0,167
44,182
15,255
0,0
187,0
20,255
0,255
0,253
49,219
195,195
0,255
48,225
0,255
167,255
44,255
16,158
82,255
0,255
0,255
41,218
116,255
119,60
0,255
81,255
0,224
138,255
104,255
0,184
130,255
108,255
0,190
0,134
0,255
110,255
0,216
0,154
0,221
65,211
0,190
0,218
0,207
0,165
120,255
112,255
0,255
0,255
0,214
0,255
0,255
0,255
0,143
121,255
0,247
0,214
32,255
24,255
0,255
31,255
159,255
0,147
73,224
0,255
123,238
0,182
166,211
0,255
0,255
0,255
0,236
75,255
0,203
0,192
100,255
56,0
92,255
199,199
39,255
0,173
0,210
0,255
186,255
0,255
53,134
198,253
0,255
0,255
0,218
34,255
97,156
0,202
86,255
163,210
0,95
0,255
0,255
0,0
0,255
41,129
105,255
50,254
0,254
0,255
65,211
119,255
121,179
37,255
0,226
110,189
95,206
175,255
94,255
0,255
0,217
130,255
0,224
179,255
2,255
0,255
0,176
104,247
104,255
135,112
121,255
118,255
0,255
46,255
0,255
82,255
0,255
0,0
159,255
0,188
0,255
44,255
85,214
0,255
96,94
0,255
0,255
147,213
139,255
0,255
0,232
0,109
0,202
105,202
0,225
0,197
177,255
0,255
0,205
133,121
0,255
70,255
82,255
0,255
39,255
0,210
141,255
127,255
163,255
0,255
0,202
20,255
0,255
0,255
23,255
0,210
97,204
119,171
0,181
6,207
0,183
126,255
0,255
0,214
95,133
0,255
0,223
95,255
150,227
24,255
0,238
0,255
158,255
20,254
101,217
153,255
0,202
0,166
0,211
0,119
0,126
24,199
0,255
0,219
0,255
40,248
0,201
76,184
0,233
0,211
175,215
0,193
134,170
0,255
68,183
137,177
0,255
0,159
0,255
78,255
0,247
0,229
54,214
0,255
81,255
63,255
66,255
0,255
0,210
0,255
0,197
159,255
0,255
48,210
104,152
92,143
142,255
94,255
0,219
0,255
0,255
116,173
89,185
203,255
0,255
17,191
127,255
45,255
0,255
0,255
0,0
0,255
53,198
129,208
94,221
0,255
0,209
113,255
56,193
0,255
0,151
114,230
73,255
186,255
0,234
0,182
17,172
0,255
0,125
194,255
0,255
177,255
195,255
146,255
0,255
0,255
0,189
150,255
0,209
0,255
0,255
0,255
152,255
0,255
84,255
0,255
23,255
100,181
18,255
92,255
0,255
97,255
89,255
0,255
133,232
0,76
0,255
0,244
0,206
158,185
0,255
7,232
0,255
59,169
0,179
82,255
34,201
193,255
0,255
0,255
11,255
81,255
0,255
0,216
0,195
146,160
95,255
156,255
0,255
0,255
62,161
0,241
142,227
141,150
0,255
15,255
126,255
117,171
59,255
0,59
152,227
0,251
0,255
114,255
172,255
171,73
129,155
95,255
0,255
78,255
159,255
39,236
0,255
0,255
128,0
0,255
66,255
0,121
92,207
211,255
30,183
0,216
85,147
111,255
0,183
36,255
0,255
40,193
0,255
0,231
102,227
165,255
131,165
104,173
0,207
0,208
0,223
131,145
172,255
0,254
0,228
177,255
127,255
0,255
0,170
0,255
62,255
0,255
113,178
20,151
163,255
0,255
0,255
0,255
133,194
0,255
0,255
0,255
0,255
0,255
144,255
0,255
0,255
0,245
137,193
0,174
73,178
0,255
0,255
0,255
147,222
49,255
144,255
56,255
0,255
41,216
145,255
0,199
0,0
0,211
91,179
97,255
0,255
95,177
0,213
0,255
68,255
20,255
130,255
0,177
114,255
47,255
0,213
119,255
0,249
138,255
0,255
0,165
0,255
188,198
139,255
0,204
0,255
61,255
0,255
0,0
0,230
114,255
38,255
0,255
0,208
0,159
0,0
188,255
9,225
0,255
102,246
0,255
116,213
116,218
0,206
22,255
0,178
159,255
0,255
0,255
0,255
52,205
49,246
0,25
102,255
16,231
89,211
194,215
30,255
121,233
116,255
137,255
0,179
59,255
9,255
0,216
13,255
0,255
24,255
105,255
96,0
0,255
0,255
154,255
0,247
2,255
0,255
129,255
128,255
0,168
30,255
169,220
151,255
0,255
48,255
150,255
52,255
73,234
46,255
0,255
0,191
0,0
53,255
0,255
56,56
0,211
0,227
0,138
56,201
0,191
0,255
169,215
0,255
108,189
78,252
0,208
0,255
0,255
0,129
70,138
73,220
81,255
57,243
0,214
0,105
138,220
0,255
118,255
0,255
151,255
163,255
0,255
118,207
43,255
68,188
0,255
137,255
92,198
0,220
0,255
0,255
0,255
82,255
0,220
0,238
1,255
30,255
179,255
73,255
0,255
134,145
178,185
130,255
0,161
62,255
0,220
0,190
0,255
22,255
0,255
104,186
0,255
96,255
0,255
89,168
188,255
0,236
116,255
64,255
0,255
47,186
56,255
0,255
0,213
0,227
0,255
0,210
0,185
96,255
0,243
0,140
111,255
136,255
0,218
0,169
25,255
98,255
44,252
168,255
0,255
0,255
47,247
0,206
0,220
0,229
0,255
0,255
8,104
169,255
0,181
65,147
0,179
119,255
125,155
0,255
0,255
0,255
55,255
87,255
0,215
163,255
123,208
0,255
0,225
0,255
0,247
0,255
79,255
127,255
65,173
144,255
0,0
134,255
103,121
0,255
0,255
162,255
0,255
0,255
0,255
14,255
0,182
0,189
166,255
0,255
149,187
0,176
0,255
0,255
0,255
114,255
0,220
163,204
0,255
140,255
202,211
146,177
103,255
65,226
0,255
170,104
0,255
120,219
0,255
100,255
0,0
0,232
150,181
2,255
59,195
142,168
0,255
0,238
8,255
64,232
50,255
0,255
0,233
49,255
113,255
105,0
128,255
0,184
0,255
38,255
126,255
0,189
0,129
0,205
100,190
0,147
146,255
0,224
0,224
50,255
93,218
0,135
80,255
129,255
139,204
0,255
15,224
97,255
140,0
131,255
0,255
191,255
0,216
0,192
0,130
0,255
0,255
0,255
0,255
38,255
0,163
81,255
14,255
127,244
0,232
0,191
0,191
128,255
169,161
0,228
0,219
0,255
0,225
32,255
0,255
65,144
0,255
0,131
0,214
0,0
0,255
194,255
0,211
0,255
0,214
65,255
198,255
62,255
156,255
121,255
43,255
98,255
153,255
79,255
0,255
5,224
0,255
0,234
49,223
0,189
0,255
0,118
0,255
49,168
0,255
4,255
117,210
0,0
169,255
0,255
97,206
149,195
0,244
0,255
0,255
0,255
0,255
0,255
112,251
61,255
9,255
183,255
91,229
0,255
0,143
0,177
0,255
0,163
169,255
30,255
0,209
0,255
40,255
0,255
0,255
156,255
0,215
0,191
0,255
0,255
0,255
0,208
165,255
0,155
0,255
0,255
91,255
108,203
0,255
48,192
57,230
179,255
125,0
0,255
0,0
190,167
60,207
13,194
0,255
0,157
104,255
0,213
100,211
154,255
0,218
121,255
0,70
190,255
0,208
0,255
105,156
131,97
66,208
145,254
0,255
98,255
0,255
0,206
123,255
0,254
84,255
0,255
0,64
0,190
110,255
0,255
195,255
48,255
0,255
0,240
66,187
0,255
33,255
38,255
45,255
0,220
0,233
0,255
40,230
0,255
0,255
111,255
53,201
129,131
0,206
89,255
0,255
0,255
0,211
0,255
152,255
0,255
139,255
0,155
95,255
4,157
168,219
0,255
0,235
52,255
0,0
139,255
0,255
96,231
154,255
128,255
88,228
0,210
0,255
140,255
69,255
0,217
0,255
0,187
0,255
121,255
63,206
0,192
81,255
38,252
141,0
0,255
0,255
129,54
0,160
0,255
0,192
161,255
0,255
82,255
141,73
113,255
146,255
0,191
118,214
40,255
0,197
112,199
44,211
100,255
177,199
0,234
7,163
0,255
84,255
0,223
172,255
133,203
0,255
0,219
121,255
105,255
0,203
0,155
0,169
151,255
129,233
153,255
0,255
141,255
173,215
0,179
0,255
0,255
126,255
0,255
0,255
154,0
81,255
0,114
170,227
63,255
0,194
147,255
0,189
141,156
40,209
0,255
0,255
73,149
0,255
0,237
153,178
129,255
0,191
86,255
139,255
95,225
124,255
47,221
77,236
179,255
0,207
76,225
186,255
0,255
202,255
0,185
0,255
0,255
45,255
0,234
65,255
151,255
0,255
0,227
70,255
0,165
0,255
120,255
0,137
0,255
0,0
0,168
92,255
110,0
65,162
0,178
23,255
0,220
0,169
0,199
48,255
0,255
140,255
0,255
0,255
25,213
24,201
86,255
110,255
159,255
0,255
48,201
7,192
0,255
0,255
152,255
0,255
0,219
13,192
0,255
130,255
187,255
0,255
191,255
0,255
0,255
0,98
0,255
0,255
0,255
0,255
0,186
135,255
0,57
0,255
179,255
123,179
6,255
0,220
119,255
0,179
86,255
0,255
0,255
111,255
0,0
178,255
0,225
0,255
0,215
89,255
41,195
0,174
0,255
129,255
0,255
28,255
0,209
131,0
139,177
0,173
182,255
93,154
94,255
100,255
0,251
147,189
14,217
0,255
0,223
5,255
48,255
129,255
0,255
12,224
202,0
16,255
77,152
156,120
131,255
167,194
0,217
0,255
0,105
182,255
66,211
0,133
149,255
0,255
0,255
162,255
111,255
21,220
68,197
60,223
0,237
102,255
0,193
0,235
0,255
0,255
0,206
0,0
0,255
0,210
146,255
65,211
125,211
103,255
84,255
79,255
136,184
38,255
86,255
70,255
0,255
0,255
0,255
0,208
79,255
0,255
0,255
0,255
75,255
0,255
0,239
95,173
0,216
0,255
71,225
0,255
0,255
0,255
0,18
113,192
0,117
0,223
0,131
157,255
0,255
32,213
0,255
41,23
0,255
195,248
0,176
105,255
155,222
116,255
133,167
53,156
0,255
102,0
0,159
0,255
0,255
177,119
143,255
0,255
60,221
134,255
0,146
47,255
0,237
158,207
0,255
0,255
61,255
0,255
0,150
57,203
95,255
23,189
48,255
178,255
54,255
0,208
131,151
0,255
40,255
179,255
0,255
6,255
52,255
0,255
0,255
110,0
0,0
131,214
9,197
0,255
152,208
24,255
82,0
0,255
0,255
68,184
101,255
0,255
142,255
0,255
0,213
146,247
152,255
143,255
0,199
0,255
103,94
161,175
0,255
59,255
147,255
112,150
0,255
0,255
0,255
0,255
0,255
54,177
62,255
0,183
0,82
0,255
183,255
0,255
0,208
25,255
0,255
104,96
0,206
101,255
0,255
15,255
0,173
0,255
125,149
171,255
0,255
0,255
0,255
0,205
0,230
49,255
0,118
0,215
104,255
0,255
0,255
0,255
127,255
0,218
0,199
0,61
48,133
0,213
50,225
82,255
0,255
0,255
6,253
121,255
0,255
0,209
118,255
72,249
131,255
0,181
0,255
0,201
190,225
165,255
80,255
105,255
0,255
105,131
145,255
0,197
142,216
0,198
211,126
11,255
0,150
70,241
0,226
47,186
0,255
121,255
0,184
56,255
96,255
0,215
120,223
0,255
0,194
82,168
0,255
31,125
0,216
0,255
85,255
108,255
0,202
0,179
105,255
57,193
77,197
108,173
0,255
111,255
60,255
172,255
0,250
0,255
0,255
1,255
145,255
143,221
0,223
56,0
0,191
17,137
136,255
0,255
104,226
0,255
0,201
0,146
0,0
0,255
16,255
0,0
0,199
0,255
104,255
50,255
110,255
144,255
112,255
66,255
176,255
0,255
70,255
0,205
0,255
75,0
84,187
0,255
0,255
81,211
0,188
0,211
154,0
0,215
85,211
165,202
73,255
120,113
60,107
89,197
32,194
0,237
80,255
0,144
59,206
163,255
38,255
0,209
0,255
0,255
0,255
0,255
108,198
0,255
165,255
0,255
98,191
0,255
86,255
0,173
77,146
114,255
0,211
0,255
12,255
0,255
0,223
138,243
0,219
0,255
0,253
0,255
0,211
139,129
127,255
0,0
125,210
85,255
0,255
0,238
7,255
0,255
60,255
101,255
0,255
183,144
0,255
49,195
0,255
167,211
146,255
150,255
134,255
0,225
0,171
0,206
0,233
0,254
0,255
0,255
0,177
55,154
170,171
0,255
0,255
105,255
0,255
1,255
0,246
146,255
5,255
76,137
0,254
0,255
172,255
0,157
97,163
8,170
173,241
143,255
0,189
0,222
15,255
0,113
100,249
31,255
77,240
0,179
56,194
0,215
49,159
154,210
24,255
77,217
167,255
124,255
136,255
0,197
0,255
0,255
18,255
8,162
0,255
108,255
0,255
0,255
0,255
0,255
131,255
65,205
0,255
70,255
0,255
137,255
80,194
0,255
0,255
0,255
0,255
0,228
53,255
13,255
163,254
118,230
0,255
0,243
0,222
0,255
134,255
0,224
12,255
0,255
147,255
0,198
0,255
0,215
76,255
12,255
40,255
0,255
139,214
0,255
156,188
167,221
92,255
0,255
171,255
0,255
85,255
0,216
0,179
0,254
0,255
0,119
157,255
141,255
0,255
0,255
0,253
65,255
0,255
0,255
0,0
165,255
157,255
24,210
81,255
5,255
0,255
0,255
98,137
85,204
0,255
0,255
24,255
0,255
0,255
0,185
59,183
0,255
48,255
0,202
24,255
40,230
0,255
0,255
114,192
0,255
0,230
0,236
157,188
144,255
0,255
0,149
98,255
0,213
0,150
0,255
75,255
0,243
147,255
175,255
0,254
13,194
0,255
89,255
85,162
150,255
8,255
57,255
116,220
54,225
68,255
124,255
0,255
0,255
91,205
38,255
16,255
60,255
0,255
15,255
0,219
0,163
60,255
116,255
0,255
162,215
0,255
0,179
160,242
45,255
76,200
0,195
0,221
0,205
85,255
0,255
33,218
104,8
0,153
162,195
69,255
137,52
0,255
0,255
40,165
0,134
104,101
135,255
0,255
50,214
0,254
2,123
79,171
0,255
8,232
165,255
133,255
85,255
188,255
0,210
81,255
45,255
0,168
0,255
0,219
45,226
0,255
1,255
0,255
126,177
50,255
0,215
87,228
0,91
0,186
92,255
147,0
0,192
0,255
0,255
182,201
197,243
0,255
43,0
2,255
154,0
0,228
0,137
124,255
15,172
0,96
0,141
48,255
0,255
37,255
0,255
137,188
144,255
0,255
38,255
0,255
0,255
0,141
0,255
0,255
123,255
113,200
0,223
0,209
97,255
0,192
0,223
0,223
0,223
39,236
141,229
0,255
0,255
0,129
0,167
108,255
0,255
0,251
0,227
112,255
0,219
0,255
142,255
0,255
12,255
21,255
82,255
111,177
0,255
0,116
0,235
0,255
161,255
120,255
0,255
70,255
0,240
0,211
0,255
16,255
0,255
8,255
0,0
0,255
0,255
0,200
167,215
8,225
20,255
136,255
43,255
81,255
175,223
0,255
61,213
66,139
0,255
0,255
0,255
0,222
0,227
0,255
0,255
119,255
101,255
36,255
11,255
0,210
0,255
62,202
0,255
0,167
52,255
0,255
32,211
8,147
0,255
104,0
0,255
0,255
130,203
0,255
165,255
97,255
109,135
0,255
101,255
0,255
0,255
0,236
145,255
0,255
0,255
0,255
80,255
147,209
87,0
139,162
0,255
105,255
0,255
0,255
14,143
31,255
144,195
136,240
0,195
169,255
63,231
0,218
28,220
0,135
0,229
88,165
66,255
153,255
91,131
0,224
61,255
0,255
0,255
0,255
0,255
0,216
155,237
16,255
147,255
168,255
153,255
0,255
0,255
0,118
48,255
17,127
0,255
82,255
31,195
44,159
59,255
79,172
0,255
0,254
0,215
0,210
143,255
94,255
29,163
113,219
61,255
0,187
1,234
0,255
117,214
0,255
0,232
0,255
62,255
121,214
65,255
0,195
0,255
5,255
0,255
112,255
0,255
0,255
174,255
50,189
62,255
0,209
0,255
0,0
176,255
0,0
0,255
0,195
147,255
149,197
0,255
0,255
12,255
0,255
0,255
56,226
0,255
0,149
0,0
195,205
0,255
120,0
109,255
0,255
0,227
123,255
0,163
0,213
0,255
170,255
142,211
0,121
0,255
134,255
154,233
0,255
56,255
14,222
0,170
0,255
88,255
0,255
0,255
0,159
0,190
0,255
73,255
0,255
128,255
118,176
0,166
0,255
0,255
0,254
0,255
0,218
108,235
147,255
27,253
183,255
119,0
0,255
0,255
0,133
0,255
0,210
49,255
77,255
143,255
0,227
102,255
0,255
0,255
0,207
0,37
103,202
89,203
0,255
73,255
126,255
0,255
0,162
0,0
129,232
0,255
0,255
0,255
0,255
156,255
49,255
160,255
134,255
0,255
65,198
0,255
0,206
174,255
0,255
0,255
98,211
0,255
61,144
56,205
87,255
0,255
0,255
64,255
0,214
0,255
71,205
0,211
0,255
0,255
16,188
0,255
0,255
73,104
166,255
123,194
0,255
65,255
198,255
0,255
66,255
0,203
146,255
0,188
57,255
56,233
23,255
0,173
57,227
0,191
0,255
0,255
0,230
54,151
133,255
0,255
0,197
9,175
139,139
0,255
0,255
103,255
186,255
0,255
0,0
152,255
0,255
130,255
0,222
0,255
7,255
0,204
0,235
134,255
48,255
0,255
40,255
21,255
0,255
0,22
0,255
145,255
152,255
0,179
0,255
85,193
0,0
0,255
152,255
138,255
62,255
0,255
0,111
0,255
121,151
0,191
134,255
0,255
17,255
0,255
0,255
150,209
0,231
48,255
0,255
0,185
0,142
152,255
12,229
88,255
0,236
0,131
0,255
101,254
0,174
143,211
178,255
163,249
0,236
0,81
57,254
0,255
0,238
34,255
0,255
163,187
0,255
0,255
0,255
0,96
0,252
0,204
0,219
0,255
185,248
113,189
0,255
0,216
156,255
150,166
0,255
128,214
103,255
108,255
0,255
62,223
139,255
0,224
81,255
1,255
146,170
0,255
144,169
0,176
0,207
0,226
0,255
0,177
0,255
0,255
40,255
131,233
143,255
24,255
0,255
113,253
0,255
0,255
0,238
147,255
65,137
0,255
0,255
0,255
92,249
0,255
0,255
0,255
0,255
160,242
114,255
0,255
141,255
0,255
152,255
173,239
0,198
21,220
7,126
133,197
0,255
0,235
0,251
119,255
126,214
84,0
101,228
128,225
168,205
0,227
158,255
0,175
0,255
5,255
0,255
48,255
0,255
103,255
150,166
0,183
0,222
0,255
0,165
0,110
0,255
0,163
103,255
114,239
0,169
93,255
0,197
85,255
169,255
65,255
165,255
86,228
20,255
0,152
0,255
0,189
87,255
30,255
0,222
0,237
56,238
153,190
0,146
176,255
0,255
47,208
0,255
0,227
131,211
69,255
0,170
0,206
0,255
0,255
193,191
0,255
136,255
0,255
0,219
0,255
143,255
49,198
0,255
133,255
95,255
0,255
97,255
65,222
161,255
118,255
146,237
93,226
25,255
31,255
145,188
142,200
79,255
0,220
0,255
65,255
0,223
156,204
112,255
77,209
0,154
151,163
68,44
0,255
0,255
174,218
0,159
22,255
0,0
85,195
0,218
96,135
66,255
162,225
136,255
136,176
137,255
69,255
0,255
0,255
0,91
54,255
93,209
0,224
84,220
85,162
0,179
137,238
54,229
127,255
0,255
0,240
0,255
0,95
0,255
48,255
1,255
0,225
6,206
0,255
48,255
0,255
171,175
140,255
0,231
11,179
0,255
160,228
0,211
0,255
0,231
0,255
0,167
0,154
101,255
120,116
72,255
73,163
46,255
8,116
147,234
54,255
0,255
0,255
0,217
0,255
5,179
81,255
0,102
0,255
0,118
55,254
0,194
0,234
144,190
103,255
0,216
16,15
0,255
154,217
0,255
139,255
144,255
0,255
202,255
24,89
0,160
96,255
0,255
91,255
0,170
75,104
137,220
0,225
0,150
73,255
0,255
31,255
113,208
46,13
0,182
0,255
113,255
0,255
0,197
0,255
117,210
80,200
0,0
158,255
0,255
0,255
197,255
68,222
33,181
130,255
9,255
14,254
0,255
0,255
0,191
55,193
0,255
131,199
100,182
162,255
84,255
137,255
0,217
133,178
163,255
0,255
63,255
0,255
0,255
48,255
24,139
118,255
0,24
25,216
48,255
0,194
0,255
43,255
137,255
0,227
0,208
110,61
0,255
37,255
49,255
174,201
0,249
174,233
0,255
0,255
0,224
0,255
104,8
151,221
0,234
0,255
56,255
144,255
95,255
0,255
0,255
48,216
0,255
24,255
0,250
0,255
140,255
0,255
0,208
0,255
174,255
135,255
0,255
0,221
142,197
0,223
0,112
0,255
0,237
154,255
0,255
0,112
1,189
93,253
88,204
85,153
4,255
7,255
150,187
0,255
0,255
114,185
0,0
95,255
0,255
0,255
150,100
0,240
0,175
0,230
0,255
0,188
102,208
0,255
0,255
89,242
0,255
0,255
0,204
0,221
0,255
0,255
0,255
149,255
101,255
0,209
0,215
0,0
0,195
0,191
0,255
0,255
159,226
0,255
138,255
124,255
0,163
0,207
167,255
0,255
120,156
110,255
0,0
0,255
112,188
125,255
85,185
0,255
2,255
0,209
0,208
0,255
149,255
0,255
0,255
0,147
0,255
0,187
105,211
109,255
0,0
76,255
0,187
135,255
0,255
105,255
0,255
85,255
0,233
123,0
0,255
46,178
187,255
0,255
151,228
0,255
108,255
0,184
77,136
102,149
0,211
116,46
96,255
134,125
0,221
84,226
0,234
170,206
0,255
8,255
97,255
135,216
34,255
0,255
81,194
112,215
0,112
0,201
8,255
24,254
81,255
0,255
0,255
79,251
96,255
0,253
38,255
113,206
0,255
89,255
0,121
0,0
113,255
0,255
32,255
147,224
125,159
0,255
0,194
103,169
0,214
1,255
33,255
159,254
0,170
0,204
77,135
0,255
0,200
0,255
155,199
0,255
0,255
150,211
112,255
179,111
0,238
206,255
0,211
0,222
75,0
16,255
0,195
134,244
156,255
39,255
0,181
113,255
0,255
144,199
93,213
0,255
0,255
94,185
127,154
0,255
0,255
0,238
133,191
0,226
100,255
0,255
0,255
77,255
183,255
0,92
0,226
147,255
107,255
0,255
0,221
96,225
81,213
113,255
15,255
12,255
0,153
0,175
2,255
0,255
0,250
0,255
0,159
0,255
0,239
0,255
108,255
0,195
0,255
53,255
0,200
0,255
39,255
0,255
0,0
0,200
126,205
0,194
36,255
91,255
0,205
0,40
0,255
0,255
199,255
0,255
101,170
0,191
0,255
0,255
0,255
0,0
0,237
0,255
175,255
127,255
0,211
81,255
0,215
75,255
124,255
169,255
81,202
127,163
105,255
0,210
165,255
0,209
56,255
0,255
114,169
0,187
0,217
15,255
174,52
6,214
0,255
0,255
0,255
0,192
0,165
156,255
161,231
0,255
1,255
165,246
0,135
69,255
70,154
0,255
137,255
160,255
0,255
96,255
0,237
0,215
126,255
169,255
191,255
0,255
0,239
113,255
0,173
0,255
0,255
49,255
136,140
169,255
0,255
139,255
54,131
0,255
0,147
192,0
0,255
97,199
153,217
0,177
0,255
0,252
79,255
116,185
0,255
0,255
107,255
0,255
0,224
0,229
137,195
0,225
0,254
0,245
0,152
126,195
7,255
179,0
149,221
0,255
66,227
123,102
160,255
68,177
22,252
0,255
0,255
0,255
0,255
0,150
0,255
121,216
0,220
168,255
152,255
43,255
166,255
0,255
0,208
0,255
0,179
121,177
0,255
138,255
0,215
134,255
156,213
0,197
0,211
0,255
110,202
0,223
88,255
0,0
143,255
30,255
55,255
0,255
0,255
43,172
169,255
24,198
0,255
121,255
0,210
158,255
0,255
0,144
0,255
135,207
0,255
131,255
94,210
0,213
0,218
189,255
0,255
0,255
158,213
0,197
73,255
151,204
0,255
61,255
0,142
0,255
0,176
21,255
0,255
116,201
0,222
16,206
89,255
202,255
0,193
0,255
0,119
43,203
0,0
158,255
101,255
0,214
0,255
0,255
131,255
0,255
0,255
87,206
60,255
169,135
104,255
0,185
0,213
0,255
0,255
0,255
0,211
166,192
111,255
0,119
13,255
0,195
0,255
126,255
152,216
0,199
89,225
56,71
97,195
0,128
113,213
71,255
0,255
0,226
0,255
0,179
81,255
101,214
0,228
174,0
116,255
0,251
110,205
56,255
183,254
0,255
0,229
0,107
0,255
0,255
152,255
137,255
100,211
32,214
0,255
0,219
197,234
0,182
81,169
155,175
4,217
44,255
0,255
112,255
0,255
0,255
55,255
7,225
170,177
0,255
0,255
55,227
0,112
0,202
0,255
173,255
0,255
39,255
0,255
163,208
0,255
0,229
0,255
0,149
206,138
0,255
167,153
0,219
0,255
0,255
0,255
0,255
0,146
0,165
0,255
117,255
0,194
0,225
80,223
134,0
104,182
0,255
0,183
0,255
205,218
0,214
0,255
0,167
0,254
0,188
0,161
0,200
0,191
159,255
124,89
129,217
14,142
0,238
102,225
134,255
0,255
0,255
111,255
0,208
0,255
97,255
160,192
0,255
18,255
0,255
0,208
61,255
84,255
65,229
89,216
0,255
141,217
0,255
0,255
93,234
0,199
177,255
0,78
0,197
0,255
192,255
0,255
175,255
0,255
113,192
163,255
105,170
0,236
54,255
0,255
171,255
0,255
0,211
15,110
0,255
0,126
183,255
0,255
131,225
0,217
0,255
33,236
0,255
0,214
32,163
188,221
48,255
0,255
0,195
165,200
0,255
0,255
142,255
0,166
0,255
85,227
107,255
0,255
64,237
95,255
0,255
150,255
0,147
13,255
85,255
22,255
130,163
88,255
0,181
2,255
146,255
86,116
0,255
0,255
81,255
112,255
53,255
102,255
142,255
0,255
0,210
144,255
0,237
0,0
59,255
0,255
5,224
0,0
0,255
0,201
0,255
181,228
2,255
169,136
0,227
0,129
66,255
0,236
0,247
12,232
0,113
146,162
147,255
28,255
0,255
105,222
0,255
68,229
0,198
113,255
0,255
0,255
0,255
62,255
185,199
0,255
62,255
1,255
134,218
0,254
174,255
0,209
0,255
8,145
0,255
0,214
0,211
15,255
149,255
98,255
0,255
116,201
27,255
0,138
0,220
0,174
111,255
0,222
0,128
119,203
0,255
0,255
4,191
31,255
152,255
0,255
49,255
75,255
0,255
134,0
125,215
25,213
32,255
0,255
120,222
73,253
0,255
0,255
188,255
134,254
0,255
56,255
133,190
15,255
77,255
183,255
0,255
178,255
0,255
0,121
130,255
0,255
81,255
0,96
88,143
154,254
17,255
194,255
145,113
27,166
152,255
0,239
0,255
110,255
113,255
0,255
0,235
0,235
66,255
88,171
0,255
0,255
0,149
102,0
57,255
0,225
145,255
144,211
79,255
0,169
133,0
0,255
111,255
0,255
0,255
0,120
0,255
0,225
0,223
0,255
0,255
0,255
0,194
0,255
139,255
162,255
21,255
0,221
0,0
82,255
0,233
0,255
200,171
123,224
0,253
131,255
12,205
0,255
0,216
0,255
0,255
166,255
0,255
0,223
0,255
0,255
0,255
89,255
75,255
101,255
49,79
4,228
0,255
0,255
119,206
0,255
0,255
129,80
0,255
0,255
0,182
0,216
50,255
55,255
0,255
153,255
0,255
56,255
116,255
0,183
0,255
0,255
34,0
0,0
0,255
0,209
0,255
31,255
170,159
0,255
0,213
105,255
43,255
0,255
0,192
0,233
0,165
0,147
139,211
159,179
0,255
128,255
0,255
0,200
0,255
6,255
107,201
0,255
0,255
24,255
170,130
0,255
60,0
0,193
0,255
103,255
97,206
84,255
0,255
77,255
57,255
0,214
149,197
48,255
0,255
0,255
197,255
127,220
85,211
0,98
0,255
0,163
120,255
0,255
120,255
117,146
214,138
6,255
0,255
0,255
0,255
175,255
118,255
0,228
0,255
78,255
86,217
0,219
0,255
31,219
69,255
24,255
165,255
0,233
0,253
0,190
41,255
69,255
69,255
40,255
0,255
12,255
195,255
0,255
0,255
65,204
0,213
160,255
195,209
79,255
0,230
185,0
0,255
18,255
0,140
147,255
170,255
149,255
0,218
0,254
82,133
0,201
151,255
0,255
30,190
14,202
127,255
126,255
0,255
0,255
119,255
110,255
0,0
151,255
29,0
32,255
0,255
0,166
0,162
24,255
0,171
0,234
0,255
20,255
0,149
118,183
56,255
0,255
0,255
0,50
0,255
38,160
32,255
0,255
65,195
144,255
49,254
96,255
0,94
0,255
0,172
150,255
111,255
0,238
127,255
0,255
146,243
189,255
165,222
113,255
145,255
0,255
16,203
29,255
0,255
146,255
0,255
0,211
0,213
68,123
0,200
33,255
0,151
0,213
0,255
22,237
0,183
0,231
0,254
0,255
59,228
107,255
0,255
161,255
55,225
0,202
139,255
0,255
104,255
98,255
48,255
88,255
173,255
33,255
143,255
16,255
0,255
45,255
0,255
158,255
131,255
0,162
0,255
113,255
0,222
44,255
0,182
50,255
78,129
81,255
0,255
0,255
0,255
0,255
39,204
52,255
93,255
0,156
147,255
72,255
50,255
0,255
0,255
40,255
157,0
25,255
0,210
23,255
84,255
163,255
0,169
103,251
182,255
140,255
0,255
0,166
0,128
0,255
0,255
0,251
156,232
0,223
97,255
137,193
64,255
0,255
174,255
0,255
142,231
0,255
136,255
126,255
161,152
2,255
7,147
157,255
0,254
0,229
120,255
141,235
0,255
0,255
0,222
168,255
87,205
52,255
73,217
27,105
0,255
0,255
0,172
119,229
0,255
179,225
130,255
0,255
131,255
64,245
0,255
113,214
89,0
0,193
0,255
0,255
189,255
0,203
152,254
59,254
0,255
39,255
86,255
108,157
0,47
192,234
0,255
0,255
0,179
0,248
190,253
170,179
0,244
0,255
0,255
147,208
0,0
79,89
49,255
0,255
0,255
134,255
0,211
102,191
161,255
59,255
0,0
89,156
0,255
65,136
113,253
93,216
34,206
138,255
0,255
155,255
0,255
0,255
0,255
0,144
0,123
0,0
0,210
0,255
0,255
0,255
0,241
0,199
166,255
0,255
161,178
142,150
0,220
0,121
0,255
86,255
0,255
153,255
173,255
95,255
0,255
0,255
0,241
128,195
0,255
0,255
0,0
0,246
0,255
184,225
134,255
0,195
0,185
0,167
0,255
97,204
0,138
0,150
0,167
152,255
2,255
33,188
0,255
0,206
0,156
0,255
0,162
0,255
80,255
175,0
0,255
46,225
147,255
0,147
0,168
0,255
0,218
151,255
6,255
0,255
0,255
77,217
44,255
6,211
0,255
0,255
0,255
0,255
117,255
57,0
0,166
195,255
47,255
68,255
151,255
0,255
9,144
6,143
0,0
0,236
0,250
0,255
0,255
57,108
162,255
0,255
146,255
0,255
113,205
116,195
47,255
0,152
0,255
123,255
63,181
0,255
97,237
0,255
179,209
0,255
0,0
0,216
0,140
0,199
124,232
0,255
43,194
159,255
178,255
174,255
0,255
0,255
79,255
174,255
149,161
0,255
157,211
0,226
0,255
76,255
0,255
0,237
0,246
0,138
0,255
118,153
102,255
62,224
0,177
86,87
0,214
89,255
64,255
0,211
0,255
0,255
0,255
0,255
0,243
0,255
16,255
0,255
0,255
0,255
0,146
43,255
101,62
0,202
0,239
0,190
0,255
0,255
0,195
0,255
0,255
0,16
160,133
126,255
0,255
29,255
0,219
57,175
0,89
32,255
0,255
43,207
117,255
120,255
0,215
163,255
0,255
0,208
24,205
113,255
0,255
109,255
0,0
95,199
0,255
0,255
0,255
0,8
0,255
0,228
65,255
0,255
179,255
29,211
125,255
0,255
7,255
0,255
52,255
0,255
0,222
126,255
137,255
16,255
0,255
0,255
139,213
131,255
0,255
0,0
62,192
9,255
82,193
21,214
114,177
0,255
81,255
176,255
0,255
18,207
20,255
97,255
154,194
0,255
205,146
181,174
40,195
0,134
0,255
0,255
0,255
102,190
60,255
0,233
12,255
131,220
153,255
0,255
0,213
8,162
16,57
0,202
0,174
29,255
0,255
0,215
0,144
0,255
160,255
0,255
0,140
0,255
117,250
113,255
24,255
0,255
81,210
69,218
0,211
163,255
147,255
120,120
131,255
80,194
0,170
0,139
0,255
113,255
156,227
102,255
89,211
27,255
0,239
0,0
0,0
126,150
140,255
0,150
34,255
38,184
0,255
81,255
38,255
73,255
0,189
0,255
0,243
0,200
23,255
159,163
0,178
130,255
0,186
12,255
0,203
0,255
0,235
0,255
0,255
11,205
211,255
0,255
142,255
0,255
38,219
95,255
0,198
0,255
92,176
163,255
0,255
0,214
165,255
121,126
76,113
48,255
0,255
0,255
0,214
163,255
72,229
0,255
165,255
48,255
0,255
134,195
170,147
120,255
0,255
0,255
20,255
81,181
0,255
4,255
0,121
24,0
0,216
56,255
0,255
40,0
66,255
36,255
0,255
0,218
0,255
73,255
189,208
0,200
0,255
0,211
4,226
0,178
97,222
0,123
146,255
18,255
0,255
0,255
0,209
186,255
82,193
86,255
131,255
0,0
0,255
95,255
0,255
128,147
0,255
69,255
146,0
150,255
0,255
0,255
0,255
44,166
68,88
0,230
0,198
12,195
59,155
0,147
0,213
69,200
32,182
0,255
0,255
15,179
0,255
0,167
101,206
107,52
0,0
138,163
0,255
0,255
0,118
179,255
0,197
0,255
126,255
200,215
116,172
47,255
0,255
156,167
0,255
0,255
18,114
0,225
0,255
140,162
0,255
126,255
128,255
0,255
101,255
174,219
0,224
0,255
0,255
0,0
0,141
0,175
8,213
70,255
179,255
0,254
72,200
120,255
145,255
89,192
73,203
0,142
113,255
6,149
56,255
0,201
109,255
34,146
0,255
0,255
0,158
0,255
0,255
137,255
0,255
134,216
89,255
139,255
0,255
0,211
79,31
0,17
0,179
0,255
141,228
116,173
0,255
151,255
0,0
162,222
37,255
120,234
163,255
0,203
0,255
156,184
134,255
0,194
100,91
121,255
158,80
0,255
0,255
0,255
0,120
120,255
0,255
82,0
127,255
131,175
0,255
0,255
97,194
0,255
178,222
0,139
40,203
0,255
0,255
124,179
0,191
0,255
0,255
0,208
9,255
141,255
95,255
0,255
0,215
0,208
0,255
0,223
117,255
131,176
22,255
171,255
28,185
32,0
38,255
0,255
193,255
0,230
96,145
0,255
91,255
59,255
116,0
139,232
0,255
0,255
0,255
135,123
0,254
0,255
0,255
18,255
0,255
127,254
123,255
0,255
73,109
0,182
0,255
98,223
179,255
152,255
147,255
119,255
0,242
0,255
185,225
0,211
0,216
0,0
18,255
0,234
7,178
181,255
0,255
105,255
0,231
0,255
0,255
22,41
56,255
0,231
113,0
25,218
77,203
96,255
81,206
0,213
0,255
69,163
0,213
0,227
127,255
0,255
97,198
124,255
0,255
136,255
97,255
0,255
0,208
0,209
0,255
0,194
0,220
100,255
143,255
0,255
65,255
68,230
120,195
102,159
0,255
47,255
0,192
0,55
0,255
0,207
0,255
0,251
0,255
15,255
135,181
147,255
0,233
0,0
2,255
0,255
0,255
0,208
0,131
95,255
16,255
131,182
49,255
96,255
114,255
0,255
0,255
113,175
7,255
64,255
135,255
0,200
0,251
55,255
124,255
125,255
56,255
0,255
63,173
0,252
82,255
108,255
0,255
29,255
0,181
0,255
0,255
97,255
4,204
0,255
0,255
86,255
0,255
0,255
102,255
0,227
151,225
0,255
25,255
0,0
182,240
0,156
0,255
147,255
0,255
114,215
0,237
72,255
44,255
32,255
41,255
0,255
0,195
13,255
0,255
0,255
0,255
0,186
75,255
89,255
0,255
0,255
0,255
0,255
14,255
100,211
0,129
0,179
0,255
0,255
0,255
0,213
105,255
24,255
146,255
0,255
0,207
38,255
159,255
121,255
173,255
0,255
24,255
0,255
0,255
0,255
0,174
121,255
29,215
72,231
0,255
118,255
70,142
159,255
68,255
0,255
2,255
0,255
0,191
161,167
39,255
121,255
0,211
86,255
56,255
88,255
75,255
5,255
81,221
130,255
0,187
60,255
0,255
0,240
153,191
0,0
0,0
0,255
0,219
81,64
22,255
0,255
34,255
151,210
181,205
102,226
65,244
113,81
153,138
0,139
0,255
27,228
0,179
103,255
0,255
155,255
91,255
24,255
62,220
137,255
173,222
0,255
0,217
0,255
0,255
77,211
138,255
0,255
0,255
154,255
0,255
0,255
0,255
0,211
18,255
144,162
0,255
0,209
103,255
178,255
0,229
128,255
11,211
0,136
126,173
0,185
0,0
124,255
110,255
41,224
0,223
0,202
0,146
73,138
104,208
0,254
0,255
189,6
134,255
0,205
0,255
144,0
113,255
0,255
0,255
136,255
0,173
61,255
85,255
163,255
0,215
0,204
50,255
62,87
41,118
0,36
0,165
143,226
105,216
81,203
147,255
0,255
137,255
0,255
56,195
0,253
57,208
56,197
0,255
178,179
0,255
56,255
73,255
0,255
0,218
53,255
0,255
0,195
141,255
40,255
127,255
7,220
0,238
0,107
142,255
120,255
0,217
134,211
37,236
0,255
0,255
0,255
138,255
17,255
0,255
0,255
0,255
0,255
176,72
151,255
142,242
0,255
0,234
157,255
0,220
0,131
0,169
124,249
146,191
31,165
0,227
146,255
0,234
0,255
0,255
32,208
0,255
0,255
0,154
0,255
0,242
160,255
0,255
200,221
0,220
0,167
113,253
0,255
0,209
0,255
0,210
103,255
160,255
0,255
137,255
0,176
0,255
155,0
149,185
80,255
79,255
162,110
0,255
0,255
24,255
0,255
68,255
8,163
0,255
191,255
0,255
50,222
0,254
105,147
87,255
0,255
73,145
6,0
150,221
7,255
56,137
149,0
145,232
0,140
86,255
0,255
140,193
0,255
81,255
0,245
0,248
0,194
73,255
0,255
0,255
189,255
153,176
0,255
4,203
0,185
95,199
0,113
0,255
124,255
0,198
0,205
0,255
0,233
0,229
0,255
0,255
0,221
64,155
24,255
0,254
113,255
0,139
8,255
116,225
158,255
147,200
108,255
157,162
0,255
0,255
144,209
165,255
0,2
0,255
78,255
0,211
0,219
0,255
78,255
33,255
0,255
0,255
195,202
0,255
123,118
109,199
0,255
0,213
0,0
18,125
97,255
203,250
65,255
85,255
0,255
0,227
41,255
166,255
69,255
0,255
124,0
0,170
0,255
138,255
121,253
0,171
87,255
16,161
131,255
111,254
0,255
4,241
0,200
163,255
97,140
62,255
0,249
172,255
0,255
157,216
81,233
97,211
11,255
0,255
15,205
0,183
162,17
169,199
0,255
0,255
5,0
163,255
0,163
0,195
0,255
138,255
0,255
0,255
0,168
0,233
0,206
142,219
100,255
0,255
53,255
0,255
56,173
0,255
34,255
0,255
128,215
141,255
0,255
0,213
0,213
177,255
100,205
187,255
135,255
97,220
178,255
0,0
52,230
0,255
0,239
100,219
101,222
72,255
59,255
0,224
0,255
87,255
0,238
0,188
0,255
47,208
147,193
121,255
0,112
0,255
0,255
187,160
135,211
71,255
0,255
0,223
0,255
130,211
0,205
0,255
0,255
2,214
0,242
0,177
0,255
0,255
140,255
105,255
0,228
16,239
0,255
73,255
139,255
64,255
162,255
0,255
178,207
0,203
56,255
102,255
0,217
0,255
30,214
119,255
24,255
0,255
0,255
96,215
121,255
0,255
0,255
0,255
0,93
158,188
0,195
59,235
20,202
0,177
0,236
0,145
178,195
0,216
0,255
144,250
179,255
0,255
156,254
0,255
109,219
0,255
0,253
97,253
0,255
0,255
0,47
0,255
0,255
0,255
0,255
150,255
105,255
22,145
0,159
156,157
163,166
0,219
0,255
0,255
92,160
191,202
0,255
77,255
0,255
0,166
0,226
0,198
93,255
0,213
199,255
0,255
0,255
0,255
57,163
145,211
63,255
29,255
0,255
129,255
0,65
0,195
18,199
0,255
18,179
0,0
69,0
0,223
167,255
0,255
0,233
0,255
0,218
0,255
0,255
0,208
0,211
62,219
0,254
0,0
162,255
0,255
0,129
0,216
157,175
16,185
40,105
108,255
101,255
0,249
0,255
158,255
116,203
0,255
131,202
0,255
0,255
0,252
72,255
0,255
181,255
121,255
0,255
139,192
61,96
0,186
0,255
107,255
155,224
166,255
38,255
110,255
0,217
49,255
0,128
0,255
0,255
48,248
12,211
45,255
119,169
145,253
0,0
8,255
171,255
140,255
0,205
0,255
27,179
52,255
200,255
0,255
0,255
30,203
0,153
0,0
141,206
0,213
146,255
68,255
160,255
0,255
0,255
134,59
166,255
0,123
0,255
0,211
81,255
61,255
0,254
0,145
0,0
0,255
0,209
62,255
173,253
48,255
0,255
0,30
0,255
16,255
0,224
0,255
0,223
39,204
96,255
113,255
0,230
81,255
138,255
102,216
82,76
20,211
0,255
23,176
0,200
43,255
0,0
60,249
0,255
73,255
0,255
0,255
0,255
0,255
0,255
73,108
68,223
104,224
89,254
0,255
0,255
151,137
0,255
0,141
0,255
107,198
46,255
0,131
8,209
154,210
0,254
0,194
37,255
0,255
0,143
174,218
0,255
143,234
0,255
16,208
117,199
145,167
0,191
0,254
0,255
16,255
0,255
89,255
138,255
73,255
81,255
138,223
8,38
0,255
0,255
8,191
0,195
0,255
0,255
0,178
0,255
146,237
0,255
0,120
0,255
165,252
18,255
81,255
188,223
0,48
121,255
116,233
0,255
0,255
0,211
69,255
45,255
0,255
0,255
0,255
73,205
95,255
40,254
65,255
0,185
141,255
31,255
152,255
0,255
168,255
134,129
0,255
123,222
165,232
124,233
124,226
0,255
170,240
136,237
97,255
75,226
81,255
0,255
144,255
52,255
0,255
0,0
0,171
0,255
114,243
139,249
37,220
157,255
0,254
0,254
140,255
0,255
0,185
64,255
95,255
0,179
0,215
0,163
41,255
0,195
14,255
14,214
98,203
0,255
129,255
103,255
0,208
0,255
0,224
96,207
116,183
55,255
136,255
0,255
182,255
0,168
56,138
0,255
66,255
61,250
0,183
129,255
0,216
109,255
87,255
0,211
0,243
49,255
0,203
0,255
113,255
0,176
5,254
0,255
0,233
0,255
89,255
128,187
108,145
0,255
0,204
0,214
98,255
0,255
0,255
147,217
0,195
178,255
0,218
118,220
0,126
109,216
0,228
101,255
199,255
157,255
0,255
131,255
103,255
0,206
0,0
0,255
49,200
5,41
0,255
25,255
95,194
0,255
25,44
0,245
131,255
0,0
0,255
101,215
0,144
0,255
86,210
163,255
37,219
0,255
0,131
0,255
0,236
56,200
0,222
0,255
0,210
120,224
0,255
0,255
81,174
95,158
0,255
0,255
109,189
34,214
163,255
32,255
0,170
60,255
0,129
0,229
84,156
18,240
147,255
0,255
1,255
150,255
0,255
143,255
0,0
61,255
0,255
0,192
0,255
0,187
0,255
101,169
0,97
21,255
0,255
0,205
0,255
56,255
111,213
62,255
91,213
94,221
109,255
0,255
0,255
120,255
21,170
0,255
127,255
0,255
109,255
141,229
40,255
0,252
53,172
8,255
0,29
0,153
0,214
96,255
0,171
0,255
0,255
0,255
88,203
104,255
0,255
55,255
0,175
0,216
0,227
0,255
6,255
0,221
0,255
97,255
32,255
0,255
130,206
129,170
0,176
44,255
143,221
0,255
71,255
0,241
53,255
0,236
0,73
162,255
0,255
181,255
0,0
147,255
135,0
0,226
0,192
0,255
4,98
0,175
0,154
144,119
0,255
59,255
0,255
0,255
0,0
0,255
0,236
0,221
79,255
134,255
0,228
0,255
0,255
103,224
0,215
0,143
0,222
85,255
14,255
0,211
92,255
113,255
28,207
0,229
21,255
91,231
0,65
0,255
48,216
0,255
0,206
194,255
0,220
0,255
0,0
123,255
14,255
0,255
140,211
94,255
94,255
13,189
16,255
0,177
92,255
0,254
0,247
22,254
0,204
136,219
69,255
0,255
0,255
69,242
6,255
0,255
94,255
25,159
62,255
166,255
97,255
0,255
0,216
17,255
0,255
81,149
0,246
160,237
0,255
97,0
57,143
25,255
0,187
0,204
31,185
162,255
0,162
146,193
92,206
133,255
173,255
0,255
0,255
79,255
43,255
0,215
47,165
0,255
147,255
79,250
149,255
0,224
0,222
0,195
0,255
112,0
0,199
63,255
113,255
0,197
0,182
0,255
0,240
105,167
121,219
0,202
0,255
0,255
124,30
0,82
52,241
40,214
0,255
98,153
177,255
31,255
0,233
133,174
0,195
0,255
0,135
200,255
173,255
87,255
123,195
8,255
0,255
37,255
158,255
14,237
0,255
73,166
0,255
0,134
0,247
0,255
0,255
108,255
0,255
116,222
0,150
0,255
31,255
160,45
152,255
125,255
40,199
0,163
0,255
128,255
0,255
104,0
135,160
0,221
0,232
0,179
0,255
151,207
172,227
36,255
0,183
9,195
0,221
48,157
0,255
0,146
0,255
0,154
0,255
0,210
81,82
0,255
105,255
0,255
0,228
31,255
107,0
0,255
28,240
209,255
33,0
179,255
5,229
0,255
0,158
105,255
0,225
0,255
0,209
150,226
0,255
73,255
129,231
118,255
0,255
0,255
0,191
0,255
0,255
0,195
73,197
171,255
0,255
87,179
0,255
0,253
24,116
86,175
124,255
0,255
73,255
0,255
82,255
136,182
0,255
0,217
43,0
0,198
0,229
92,162
0,255
0,0
16,255
32,0
76,255
0,107
138,255
0,255
137,255
0,255
102,192
56,232
195,255
82,179
0,221
0,255
127,255
177,255
53,171
135,146
0,255
0,218
0,255
0,213
0,255
121,205
0,221
0,209
16,255
0,255
161,174
0,255
0,102
0,220
31,205
0,201
8,255
0,255
163,36
0,219
30,213
98,255
0,255
0,195
120,255
44,255
0,213
0,255
45,255
0,179
123,255
52,255
0,127
0,255
21,151
130,255
0,255
0,255
0,253
2,204
0,255
33,184
0,255
121,255
127,255
0,255
0,255
130,255
110,255
170,220
0,255
0,255
121,255
0,118
0,255
0,207
0,255
202,255
0,209
0,255
0,255
0,236
169,255
125,144
169,216
117,240
0,238
149,255
62,167
118,163
66,184
0,255
81,205
147,255
1,255
61,222
0,255
113,255
32,194
81,244
0,177
0,255
0,255
197,255
151,166
0,231
46,255
124,0
0,255
78,240
0,85
0,255
71,255
162,255
28,255
0,255
0,255
45,255
24,225
0,191
142,255
97,255
117,255
0,255
91,236
163,255
0,44
183,255
134,255
60,255
141,255
125,255
0,255
0,181
66,255
5,242
78,255
11,255
144,255
0,255
0,255
94,191
0,255
0,198
0,255
158,200
108,73
0,205
0,255
112,255
86,255
144,255
0,255
159,119
156,255
48,195
0,125
156,92
134,205
98,255
124,255
152,255
13,170
0,73
0,255
22,255
29,255
41,255
81,219
17,113
0,126
0,216
0,0
0,211
0,62
0,139
0,186
20,204
0,254
179,145
44,198
151,0
0,255
0,216
126,255
0,254
0,169
0,255
141,255
32,230
163,255
0,255
0,255
181,182
183,194
105,255
105,255
60,215
18,254
0,221
4,255
0,255
0,176
0,255
62,216
0,255
104,255
0,179
0,255
70,255
168,255
139,209
0,255
6,255
0,200
56,103
24,255
133,255
111,255
0,255
0,105
36,209
0,255
0,255
171,197
0,204
0,255
98,190
0,207
0,220
0,255
144,255
138,255
0,228
0,143
0,144
92,216
0,0
0,255
81,255
175,255
147,255
79,255
0,255
0,208
0,252
0,255
37,125
62,223
0,255
201,192
0,255
163,255
0,139
14,255
81,255
86,255
0,255
30,255
0,255
0,255
66,255
82,255
0,251
0,255
179,171
0,175
171,41
109,255
0,214
125,175
0,255
0,64
0,0
0,105
50,130
60,255
0,255
98,255
0,198
158,255
8,255
40,255
0,195
0,255
0,218
0,208
0,255
168,222
110,255
208,255
0,255
24,255
0,255
0,255
127,255
0,255
0,255
165,210
168,255
0,206
0,255
41,255
0,255
193,226
73,204
54,255
0,255
0,216
63,173
0,255
0,198
0,215
56,255
187,255
0,230
150,199
117,201
0,255
0,198
118,255
0,213
0,255
0,189
0,255
0,185
182,255
0,202
39,255
0,223
15,221
0,255
145,255
105,255
0,179
0,255
73,255
0,255
103,221
129,255
71,156
0,255
136,0
52,182
2,255
144,255
0,250
71,255
56,191
0,255
0,254
0,220
0,255
0,226
0,255
0,255
126,200
0,255
0,255
101,255
95,163
0,255
0,255
149,255
159,255
0,226
0,198
30,93
0,200
137,204
191,245
144,0
0,255
0,255
120,253
60,255
130,236
117,231
158,254
0,255
29,255
0,219
0,255
86,145
0,255
0,255
37,159
5,255
91,189
168,255
69,255
0,254
0,255
0,255
0,136
0,170
71,190
0,255
0,255
0,205
151,174
117,145
147,223
0,227
0,0
0,134
70,169
0,255
11,255
0,255
0,234
71,255
0,249
69,255
0,255
0,255
0,204
53,255
0,255
0,253
30,226
0,0
134,103
0,255
0,214
32,204
16,255
135,255
0,0
0,254
133,0
0,255
0,254
0,255
200,255
0,220
36,255
81,255
81,255
0,173
87,255
119,255
197,191
0,229
0,255
147,255
0,255
140,255
147,255
0,211
1,255
0,137
63,206
0,255
0,255
0,255
9,255
0,255
0,229
0,255
0,163
25,199
0,255
137,255
28,255
121,228
78,0
0,0
32,204
36,255
48,206
126,255
0,255
0,255
0,161
38,255
0,255
0,255
0,242
30,255
0,255
183,255
0,255
0,255
0,255
0,224
0,156
0,218
76,0
105,255
57,255
160,255
0,255
0,255
0,255
151,255
0,255
0,255
0,255
136,255
155,255
107,255
123,223
0,213
41,220
0,198
0,255
0,236
141,255
0,175
80,254
0,255
53,166
77,255
0,21
187,171
0,224
0,255
0,255
0,255
0,216
102,216
119,154
91,255
0,255
84,218
49,255
0,255
0,255
28,255
165,221
0,239
124,255
0,255
0,255
32,255
167,255
13,255
86,255
0,160
54,201
131,162
81,200
0,0
0,255
0,255
0,223
6,255
60,191
0,157
0,255
0,226
88,255
86,255
109,255
146,200
121,209
103,255
0,255
81,255
30,255
0,255
0,184
0,162
0,0
0,197
0,255
202,255
53,217
49,255
88,255
0,219
0,255
0,0
77,255
71,100
0,255
0,255
0,195
80,195
0,250
0,235
187,120
0,204
75,255
0,254
79,185
0,255
108,255
82,149
0,255
0,255
142,255
0,179
0,255
108,171
0,255
0,255
101,0
0,217
0,255
131,255
7,204
0,255
0,255
0,255
0,200
0,177
137,255
0,229
0,153
114,0
0,255
0,255
154,240
38,255
114,197
0,97
0,254
154,216
0,255
53,219
94,188
0,255
0,140
121,255
0,136
142,218
36,163
0,251
25,254
65,255
129,183
155,153
88,255
0,213
125,255
158,210
20,255
0,160
0,255
15,255
29,255
70,255
79,201
0,255
13,195
21,186
27,255
0,255
34,253
0,255
77,255
159,255
0,253
0,255
44,255
86,225
126,211
0,219
0,221
37,255
0,184
0,255
0,255
0,168
8,255
88,255
33,255
0,153
0,255
0,255
134,211
131,255
57,208
86,228
0,255
0,202
151,223
0,255
0,200
150,255
30,197
53,255
17,0
0,219
73,255
181,255
0,255
0,195
56,255
0,232
163,228
0,255
62,231
0,255
102,255
117,255
105,182
179,253
0,230
144,255
154,60
175,255
0,255
24,255
44,255
0,216
0,175
0,255
0,255
168,255
0,80
30,255
23,210
15,215
24,254
0,255
130,255
161,191
0,255
0,193
0,255
9,255
0,168
40,253
0,255
65,228
0,255
76,170
0,172
32,194
125,255
0,255
187,255
0,213
189,255
105,255
59,255
105,197
189,201
64,255
0,210
39,255
113,255
201,171
125,255
138,255
0,255
92,255
0,255
0,255
76,216
0,169
152,255
0,255
100,223
0,255
0,255
85,226
0,116
0,255
139,161
178,255
185,144
66,255
0,223
162,154
0,200
191,255
0,255
76,215
159,255
107,161
0,216
0,255
183,255
135,224
48,255
0,255
0,255
0,255
0,255
0,255
118,25
0,255
55,255
167,147
95,255
128,255
0,223
0,255
126,254
96,255
0,255
61,255
9,206
136,178
181,201
0,255
27,255
72,233
105,255
53,191
16,136
182,202
0,233
52,177
0,255
183,255
4,218
0,209
0,183
134,236
181,255
0,255
0,255
0,147
0,203
133,255
65,227
0,255
0,255
81,255
0,0
152,255
0,255
147,255
0,255
131,197
197,255
75,255
0,205
0,251
102,185
127,255
7,166
0,255
0,168
55,165
135,230
0,255
56,255
194,255
32,222
157,254
166,255
84,255
92,255
0,255
79,255
185,253
18,131
176,255
97,178
0,255
124,48
110,255
0,126
12,222
0,208
0,197
0,185
0,255
34,217
0,171
0,255
147,190
113,255
0,171
30,255
0,255
101,253
116,205
0,199
0,255
0,255
0,255
0,255
93,203
0,157
0,255
65,255
0,189
125,255
153,207
0,255
176,255
0,255
0,255
81,222
137,228
163,227
0,255
116,255
8,255
107,255
0,255
60,255
32,233
146,188
147,255
40,220
0,255
128,152
0,255
172,226
73,193
0,255
111,230
0,177
0,224
77,187
88,205
0,175
111,255
0,255
108,175
118,255
0,233
174,166
189,255
0,255
0,255
102,221
107,193
53,194
130,255
152,255
104,255
0,221
0,188
89,213
22,255
0,255
0,149
0,121
141,255
45,233
91,255
0,255
0,236
0,253
116,186
143,0
87,233
0,255
0,255
0,125
0,255
0,255
105,254
0,255
136,0
89,113
113,255
0,255
0,213
0,255
15,255
0,221
0,255
141,255
167,255
0,195
166,107
0,255
139,219
31,255
0,255
0,118
79,255
0,227
103,215
62,255
0,255
0,255
0,0
181,33
114,214
0,255
85,181
0,255
0,255
116,173
118,255
0,165
138,173
0,255
0,255
0,255
174,236
0,216
0,255
0,255
0,254
0,255
0,255
127,255
0,255
131,189
0,209
192,171
94,131
47,255
40,255
0,255
0,255
0,255
0,230
0,216
0,181
24,187
0,255
64,234
0,255
191,209
0,186
28,219
0,255
0,197
0,255
153,255
9,255
0,255
140,255
103,255
0,255
21,255
0,255
65,255
77,255
0,255
0,255
107,255
0,255
107,255
0,227
0,219
0,255
78,255
0,255
0,154
31,169
75,0
31,255
0,229
9,173
49,255
0,255
0,255
0,255
0,0
0,255
0,203
53,255
40,255
23,203
0,255
0,255
70,255
34,252
0,201
95,255
47,255
0,255
0,163
100,255
0,255
116,255
98,205
0,216
0,238
0,255
0,237
16,255
95,167
0,224
0,221
116,255
0,255
0,255
4,152
0,255
0,255
0,255
0,230
5,214
0,219
0,255
135,64
0,255
105,252
31,255
147,255
37,251
0,105
81,255
0,255
32,220
0,255
53,225
170,255
21,255
118,214
72,179
0,255
0,255
0,255
124,255
0,222
138,197
129,232
0,204
0,201
96,179
0,171
0,255
66,0
0,255
48,176
0,255
0,188
0,255
0,156
0,0
0,197
0,213
0,255
0,200
105,255
45,244
32,233
23,255
110,255
0,255
0,215
0,179
113,255
144,226
0,182
0,255
0,255
57,255
0,236
0,255
85,255
85,254
0,154
144,255
0,147
123,255
73,0
0,255
68,222
0,255
80,201
146,254
0,0
147,255
0,255
0,255
0,255
0,205
97,255
0,255
188,255
143,168
54,0
0,198
102,255
144,255
0,255
0,255
0,255
0,255
0,255
0,227
96,255
0,225
82,220
0,255
0,255
0,255
0,255
0,255
48,255
0,255
0,255
0,207
129,255
0,206
147,195
154,210
110,251
0,249
0,213
84,255
64,255
0,255
70,255
0,186
0,255
0,255
171,70
151,109
174,204
0,255
0,254
0,255
0,255
56,211
0,185
0,170
86,255
0,204
0,187
4,255
0,255
6,232
84,255
34,255
151,255
79,129
137,255
40,186
112,255
0,255
162,255
130,255
92,210
121,160
0,255
171,219
0,136
0,170
186,135
0,186
0,222
0,255
0,255
119,0
0,197
0,146
0,255
163,211
0,255
0,0
175,224
0,228
0,255
102,255
94,255
0,255
0,205
0,255
0,222
50,177
95,228
120,255
0,192
0,255
0,255
123,255
43,255
7,239
59,169
0,193
0,250
76,232
0,75
114,255
86,255
0,255
86,0
0,200
0,255
0,255
96,215
114,255
38,255
163,255
47,205
0,211
92,199
98,174
195,186
100,255
0,218
193,209
64,255
68,215
161,255
0,255
0,255
93,219
0,201
101,255
0,255
12,255
0,255
145,255
0,255
0,255
125,214
94,213
113,255
107,183
0,255
0,118
70,255
0,239
0,178
84,219
0,226
25,255
0,255
0,215
16,253
0,193
0,162
0,255
0,255
126,236
117,255
0,157
0,214
103,227
0,184
0,255
0,255
0,255
0,255
120,254
150,255
0,195
167,179
0,255
136,255
0,179
101,24
0,222
0,232
56,255
32,255
0,255
0,255
46,186
167,0
0,253
0,255
70,224
133,214
0,255
16,204
38,255
0,203
0,255
44,255
9,178
0,255
0,254
0,206
88,224
149,255
11,255
61,255
0,255
107,255
0,255
110,121
0,206
103,234
0,255
198,195
16,255
0,228
0,255
126,255
185,0
0,255
8,198
0,255
0,255
127,255
142,208
114,114
50,179
0,255
107,181
0,140
36,225
0,208
77,255
31,255
0,123
2,182
0,204
0,255
0,241
0,235
0,208
0,197
151,255
0,173
0,241
152,255
163,255
36,15
123,255
0,193
29,208
0,147
85,168
0,254
47,255
86,255
57,210
46,255
9,255
181,255
0,255
104,195
34,213
0,149
0,239
0,255
167,255
0,221
0,166
0,201
0,255
0,255
0,255
0,211
138,255
0,194
0,255
0,254
75,255
143,255
141,151
41,151
0,160
179,185
0,255
86,255
0,232
15,123
0,175
129,255
0,255
0,213
117,240
119,255
41,255
0,224
139,255
0,255
0,233
18,254
100,255
121,255
0,255
187,255
0,255
82,153
0,255
0,154
47,255
0,255
0,231
91,255
0,255
31,255
117,254
0,255
0,255
0,211
155,213
120,210
0,198
129,221
108,255
166,255
8,255
0,255
0,255
32,176
98,172
0,211
0,213
91,170
95,0
79,255
0,149
136,255
136,255
0,93
0,255
133,255
0,255
43,109
40,71
0,255
50,255
98,255
0,255
96,233
52,255
0,209
0,161
32,255
135,193
0,199
159,255
143,193
114,255
12,255
0,170
50,255
0,0
0,255
0,0
0,255
0,255
127,221
168,141
0,255
0,80
1,233
0,204
4,255
0,255
6,255
156,0
0,144
52,255
11,255
100,255
136,0
56,255
0,174
0,255
0,108
0,255
48,255
0,255
0,255
6,255
0,255
0,255
0,173
0,255
22,255
108,130
0,255
0,255
151,221
0,255
62,255
0,255
107,255
0,255
2,235
0,232
0,150
112,255
0,181
0,255
0,255
29,140
153,255
0,195
0,255
0,226
69,201
0,255
0,255
98,255
0,255
33,0
199,184
0,166
0,200
0,221
0,172
112,200
0,255
121,255
0,255
0,255
0,201
0,254
113,255
0,255
0,255
0,189
0,255
166,224
0,143
0,162
0,255
0,197
0,255
0,255
0,255
0,255
165,255
86,255
63,222
0,232
0,255
52,211
168,255
93,159
8,255
190,255
32,255
103,208
163,255
63,182
177,213
0,255
156,0
126,111
82,112
153,255
116,255
0,255
64,222
186,255
109,255
0,195
143,210
0,255
27,207
0,255
123,255
152,255
73,210
0,255
0,255
81,255
0,193
0,203
134,255
27,255
0,255
0,255
0,255
0,130
0,255
131,255
0,230
17,255
0,255
119,159
0,255
126,255
117,255
128,168
0,255
109,255
24,255
0,216
0,0
0,255
141,255
0,216
113,255
0,220
0,253
0,206
138,136
143,255
79,161
0,188
33,206
0,255
0,255
0,209
64,255
108,255
0,255
139,255
68,197
0,255
0,255
0,195
123,255
0,253
105,225
6,153
0,235
155,202
1,255
0,254
0,255
12,255
0,119
0,255
0,206
69,255
5,255
0,255
0,234
33,238
0,255
138,233
107,214
0,144
0,141
0,255
184,255
0,133
176,255
73,218
88,217
63,168
113,218
0,248
0,229
0,231
0,255
50,255
112,255
13,213
0,255
56,0
0,223
0,255
25,255
0,171
0,255
129,184
0,255
0,255
0,222
194,215
128,207
0,255
24,170
64,255
78,255
0,255
129,195
0,226
0,255
85,228
0,204
48,255
0,205
0,255
0,255
92,255
65,255
105,215
135,255
0,214
133,255
0,255
114,191
0,255
0,255
125,255
0,255
54,255
0,255
0,255
178,255
88,0
0,255
64,255
84,228
105,105
0,227
124,255
4,255
105,195
113,255
145,255
130,255
110,255
0,255
91,60
59,140
0,255
137,240
0,153
0,255
57,255
93,255
93,254
0,160
0,162
0,144
98,255
37,255
0,178
0,255
89,147
0,255
146,255
153,229
0,239
0,221
0,255
125,111
33,202
108,206
0,255
57,0
40,254
0,168
0,255
0,255
59,255
34,230
0,255
0,255
0,134
175,255
0,179
0,202
0,165
49,255
0,255
0,255
179,255
186,255
154,140
0,128
0,255
0,200
0,255
77,255
6,238
0,255
0,213
45,255
118,255
0,255
0,149
0,179
156,255
50,206
131,105
69,239
0,255
84,204
0,255
62,255
0,235
184,255
70,238
0,255
85,247
98,255
181,170
125,255
27,255
0,254
0,255
0,255
110,255
176,253
86,229
130,182
0,255
0,255
154,211
120,255
172,255
109,217
131,255
89,232
8,255
0,216
201,255
0,255
0,250
63,255
36,255
0,0
150,254
50,249
155,255
86,217
82,255
0,255
0,150
0,255
40,255
0,255
32,211
31,218
12,255
27,255
138,255
213,201
0,255
48,228
0,237
0,166
0,218
32,255
186,255
91,255
11,255
80,175
0,255
21,255
150,200
0,174
119,255
0,255
48,255
32,255
0,222
0,255
0,228
0,121
0,255
24,211
41,131
109,229
0,109
0,163
0,185
128,225
0,194
0,255
0,192
0,255
96,244
163,252
0,255
0,184
133,152
0,255
0,255
0,154
68,191
91,0
107,255
0,195
160,175
160,255
147,255
21,255
77,255
7,193
11,255
0,136
0,234
133,255
0,173
0,0
0,210
124,254
54,213
0,229
0,255
0,0
73,255
126,255
0,188
0,255
101,228
0,255
107,255
147,255
131,202
0,255
130,255
0,255
76,255
0,177
0,255
0,255
0,253
65,140
0,255
0,189
0,255
125,255
0,210
0,255
0,255
192,255
117,255
64,154
0,255
146,205
0,152
0,234
55,168
55,118
95,255
81,255
0,255
0,255
0,251
94,255
0,237
56,255
24,200
0,255
108,252
0,255
113,158
0,255
124,240
120,255
0,214
0,255
0,203
41,167
159,226
66,232
0,255
0,255
155,255
0,203
95,255
0,255
40,255
82,255
0,225
0,214
92,255
0,255
0,254
80,255
0,183
5,255
151,0
78,255
0,255
63,255
156,255
135,207
0,255
0,255
0,213
169,255
0,242
0,255
95,254
102,208
107,255
24,222
0,255
0,0
27,255
133,214
0,127
0,255
179,139
0,169
147,255
0,219
47,255
0,255
147,130
77,255
22,255
0,226
0,227
0,203
50,255
135,228
0,203
0,255
0,253
0,255
0,255
0,255
0,255
113,114
0,183
0,118
89,255
0,255
0,255
89,255
119,255
79,255
69,255
0,255
162,174
78,255
0,255
0,255
129,163
143,255
117,255
167,225
0,255
0,255
0,255
113,201
95,171
0,190
0,255
84,0
0,204
152,255
138,242
178,255
143,207
0,0
0,253
0,210
193,255
0,208
46,163
0,255
56,147
0,255
23,255
1,203
123,253
0,255
0,253
0,181
0,225
9,254
163,62
11,255
0,231
0,255
125,0
0,255
0,255
0,255
0,255
0,177
0,255
59,167
0,230
0,255
0,130
101,166
172,255
0,217
146,0
0,255
147,255
0,40
141,201
0,255
0,179
96,246
108,195
50,255
138,223
38,255
0,179
0,255
166,255
123,255
102,255
0,156
0,255
61,209
0,189
127,216
0,255
0,255
81,255
0,215
109,255
0,255
0,127
6,255
0,255
0,255
0,255
0,255
0,255
0,209
34,255
133,255
6,255
0,254
59,255
56,216
86,255
0,231
0,0
33,255
0,211
166,255
0,255
0,255
41,255
98,255
0,140
0,255
142,255
0,249
0,253
128,241
153,255
111,255
0,39
0,255
0,225
0,232
109,255
195,255
0,255
0,255
0,255
0,255
27,255
9,255
0,255
117,254
0,170
0,216
0,255
47,155
0,179
160,255
0,154
0,255
0,255
56,255
9,255
0,202
156,255
95,255
147,255
0,255
91,255
73,160
129,242
0,154
13,255
0,255
128,134
0,255
125,255
0,184
0,151
0,171
0,213
77,255
0,206
0,255
22,197
0,255
0,236
0,255
41,0
0,255
91,213
0,255
104,255
31,255
0,249
0,129
84,255
25,184
187,255
121,255
72,255
0,255
157,255
97,255
85,255
0,203
0,255
65,215
0,194
0,255
0,215
0,255
120,255
70,255
134,255
0,255
0,255
48,215
0,255
49,255
0,255
93,255
0,255
147,233
0,255
183,195
0,255
94,208
0,157
182,255
0,255
70,195
0,255
0,227
142,255
0,255
0,255
31,255
105,239
109,178
0,209
29,209
94,255
82,255
0,255
151,120
152,255
0,222
71,255
60,255
0,255
0,255
0,255
0,255
125,255
97,255
0,182
104,0
0,255
13,255
16,94
60,255
0,149
50,253
0,251
0,216
0,255
0,255
0,253
47,255
34,204
60,255
91,177
0,203
0,221
0,176
0,0
152,255
0,232
109,255
160,255
62,209
153,127
0,255
0,136
0,153
0,255
0,228
0,255
0,68
37,202
18,252
1,255
124,190
0,88
0,255
97,255
0,255
114,255
0,255
0,255
85,213
105,0
169,255
47,255
0,254
65,213
0,255
101,225
0,255
127,255
0,214
0,255
0,255
36,0
128,223
113,255
0,211
0,255
0,222
102,255
130,217
53,255
181,199
0,0
0,255
159,255
61,255
126,255
0,203
0,188
0,203
0,139
0,219
0,255
178,255
33,255
102,255
0,224
130,255
147,255
117,182
0,255
0,255
178,255
7,255
0,195
129,255
0,255
97,255
0,255
112,255
0,255
60,255
135,0
104,255
0,211
100,197
0,255
0,255
0,211
0,127
0,255
0,216
80,230
77,213
161,167
0,255
65,181
131,255
0,255
0,223
117,255
34,96
0,255
29,255
70,255
73,255
109,219
87,171
158,255
0,255
0,195
191,255
97,225
0,255
125,255
0,255
118,255
0,163
0,255
79,255
0,255
174,255
0,255
0,255
0,31
0,255
174,255
0,255
81,255
0,255
139,218
45,255
153,255
16,241
84,192
0,235
36,227
0,119
0,255
166,255
11,252
147,255
152,228
0,188
198,255
193,255
0,255
0,255
0,255
0,193
0,255
143,255
0,255
41,225
119,209
52,209
0,215
84,0
0,230
147,255
0,145
30,255
0,255
133,179
62,255
62,204
92,255
110,255
39,254
0,255
163,255
0,128
0,185
0,255
94,135
0,255
0,255
0,255
0,255
20,255
17,254
97,175
0,87
13,198
62,255
0,233
0,198
0,255
0,0
97,225
0,210
0,184
0,189
0,210
80,255
0,255
85,243
0,221
0,255
167,223
0,182
0,255
0,255
0,255
0,230
0,255
144,255
0,175
75,224
0,177
0,165
0,255
0,229
0,147
15,255
28,255
104,255
8,203
174,255
0,255
27,255
143,255
0,155
0,205
147,220
204,179
153,255
0,230
0,255
0,175
0,255
139,255
89,255
97,205
101,169
0,235
0,255
49,255
143,255
160,211
0,32
16,0
76,182
0,255
0,193
0,255
6,33
105,203
0,255
80,220
131,255
81,255
0,255
109,102
0,255
0,255
65,237
168,255
0,220
179,214
0,255
0,202
54,255
179,255
66,218
32,178
0,223
155,171
0,172
60,255
0,255
0,255
16,255
0,214
48,255
0,255
1,255
82,241
45,255
129,255
119,170
94,255
0,255
183,255
13,181
0,255
0,255
102,156
45,255
0,255
0,255
0,236
114,165
0,254
147,255
125,255
131,236
139,255
0,255
37,255
0,89
0,255
0,255
0,255
184,254
0,255
0,199
111,170
0,218
56,255
92,0
14,255
0,255
153,255
0,255
113,255
59,255
0,255
0,255
34,255
45,177
165,255
0,210
104,211
0,200
0,205
145,198
0,255
0,217
7,255
0,255
108,168
0,177
134,181
89,255
0,255
0,93
17,181
88,255
192,255
157,24
0,232
32,223
104,255
54,255
0,217
55,224
0,197
0,255
0,234
0,255
0,178
0,195
104,255
0,165
63,167
128,207
91,201
97,255
0,179
113,217
6,0
126,255
0,239
0,228
0,255
130,255
63,171
184,255
89,255
0,255
124,255
0,255
81,255
78,233
143,108
81,195
0,217
0,255
72,255
0,255
86,162
49,201
101,230
0,209
157,152
141,163
0,255
54,222
117,231
0,255
168,224
0,255
127,217
0,255
32,73
138,255
0,237
0,147
0,147
0,255
0,206
0,255
50,255
0,255
0,255
0,116
16,198
33,205
0,255
0,255
0,255
0,255
24,184
50,198
0,255
0,0
0,255
45,255
0,255
70,255
0,235
0,255
0,255
0,237
0,177
0,253
159,255
138,255
0,179
0,228
68,255
107,0
0,255
101,255
60,255
0,171
0,255
0,255
49,207
0,186
114,210
152,255
0,255
137,0
144,255
157,211
175,255
0,255
0,0
0,255
0,255
0,177
139,179
0,255
0,255
0,0
0,255
187,179
0,255
0,218
11,255
71,255
0,147
124,207
0,231
0,255
64,200
94,255
0,255
0,199
0,166
0,211
52,255
0,255
0,211
0,167
158,162
0,219
129,223
93,255
0,131
110,255
39,244
91,230
149,194
127,182
0,222
75,255
0,224
0,143
0,150
157,255
0,255
0,255
0,255
0,130
170,204
36,255
0,255
57,255
155,179
48,255
16,240
0,255
124,0
0,255
61,255
103,255
143,255
0,168
97,255
0,143
16,255
46,189
52,255
81,255
32,0
108,210
0,224
0,194
0,255
55,255
0,255
134,219
0,193
136,255
0,0
0,226
14,215
45,0
0,255
0,0
0,136
0,255
0,255
0,255
0,255
0,192
0,255
40,255
33,255
0,255
0,255
127,211
153,189
0,255
103,0
0,225
20,208
0,168
0,255
183,185
149,255
136,239
8,147
0,220
0,229
82,240
171,129
12,211
0,255
98,255
121,255
118,194
0,223
88,169
63,255
0,255
0,117
0,210
53,255
0,255
56,255
147,211
0,28
1,255
0,255
174,255
0,215
120,255
29,255
0,255
75,255
0,175
57,255
0,255
0,228
88,255
0,255
60,255
20,143
0,255
0,139
78,255
0,255
170,255
0,255
0,255
9,255
0,255
0,210
0,255
0,211
0,237
34,171
61,255
0,255
0,255
0,255
158,181
152,217
154,255
0,137
66,194
118,182
84,255
179,255
124,255
0,221
0,255
4,179
0,217
56,255
194,255
136,223
134,194
133,255
0,216
131,118
81,255
0,133
0,255
118,162
24,255
32,255
0,174
82,206
0,255
150,0
0,255
0,183
0,110
0,255
91,161
37,232
40,255
144,232
120,147
0,251
0,255
162,255
151,255
0,255
96,229
140,255
0,207
112,255
194,255
0,255
130,203
0,255
0,255
143,255
79,255
119,222
0,146
0,211
0,203
59,80
141,239
33,225
145,229
131,194
192,255
0,255
169,255
95,255
0,255
0,255
0,206
0,252
0,255
0,219
97,216
0,255
153,255
100,197
75,202
146,219
0,116
39,206
0,255
0,255
0,255
17,255
0,255
0,255
145,255
0,255
118,255
128,255
0,255
0,172
0,255
60,144
88,255
0,202
79,254
32,255
0,255
48,255
0,255
0,255
73,193
105,255
0,255
112,192
0,200
143,255
64,255
8,191
147,255
0,255
0,195
38,221
0,255
9,206
6,255
152,255
66,0
0,255
153,255
65,171
0,255
165,211
0,226
145,185
0,255
79,188
0,255
16,255
0,108
0,255
0,179
54,255
0,255
144,230
32,215
6,255
0,255
0,179
0,255
0,255
121,205
89,255
0,255
0,255
186,209
163,223
0,255
121,255
197,255
0,255
0,255
63,255
23,209
121,255
0,205
195,165
0,255
167,255
179,255
119,255
82,255
0,223
0,219
194,255
0,0
0,136
124,151
0,255
147,255
47,218
77,154
0,104
0,33
113,255
124,159
155,255
176,169
0,218
156,255
0,210
114,211
41,198
0,184
161,255
124,201
0,255
0,255
0,248
0,217
150,181
146,255
109,190
50,230
0,255
171,255
88,203
81,170
0,255
170,210
0,255
171,255
139,184
0,255
0,214
0,255
56,255
153,229
87,144
108,0
0,239
86,255
0,199
0,255
0,255
0,252
138,219
0,166
0,214
0,255
149,255
0,220
0,255
0,255
0,255
0,255
0,138
0,218
183,0
0,255
97,255
0,255
147,195
0,89
57,255
45,255
151,255
38,255
0,255
0,255
188,255
0,255
150,204
69,199
86,255
44,255
0,255
110,229
77,255
0,255
0,255
0,255
139,255
0,225
0,255
0,149
114,14
153,255
0,255
0,255
0,255
0,255
0,254
0,255
0,0
0,209
151,255
0,46
119,255
192,146
143,255
0,255
0,255
160,213
130,255
0,203
63,174
54,255
0,255
0,191
63,255
0,255
73,161
161,255
119,104
0,255
0,231
167,117
160,255
126,194
53,228
163,214
149,255
0,150
0,255
161,255
0,255
0,182
56,190
145,255
0,255
0,255
0,167
0,40
102,255
0,255
107,255
77,255
0,141
0,255
119,255
0,255
0,255
0,224
0,223
125,193
56,255
154,239
0,255
113,255
0,209
171,255
7,255
0,195
126,255
130,255
155,255
49,144
0,255
0,221
0,211
0,255
141,255
71,255
153,255
0,255
0,204
71,209
50,192
57,200
0,255
37,255
0,255
111,255
179,255
0,255
0,0
0,27
0,160
0,255
143,255
93,190
0,255
0,199
160,255
0,255
34,254
0,127
0,160
126,218
100,255
0,254
0,255
0,213
24,187
177,255
0,176
157,203
0,255
0,255
157,201
93,219
0,255
0,255
48,255
0,199
185,186
128,255
0,162
0,237
41,255
0,178
0,202
81,225
0,205
163,167
0,255
130,222
124,139
116,144
1,255
45,255
0,255
41,255
32,255
0,255
0,255
0,255
112,246
0,229
60,255
154,209
119,144
0,255
207,255
0,232
0,255
0,255
127,0
0,255
131,193
0,211
121,255
0,255
0,167
0,255
44,255
0,255
116,237
37,255
71,255
46,175
169,255
0,0
105,255
0,255
12,202
0,0
0,236
44,229
82,223
0,255
158,255
40,0
147,144
0,255
0,255
0,234
173,135
0,255
0,255
113,255
0,255
92,168
101,165
27,214
173,211
165,255
0,255
0,255
0,255
0,255
0,183
113,255
0,255
98,255
0,167
75,228
117,255
0,157
0,255
59,255
0,255
127,202
50,255
137,255
0,255
0,255
0,217
185,235
37,255
76,255
0,255
84,214
0,255
0,255
25,179
114,191
131,255
96,255
32,220
0,223
0,232
174,255
65,231
0,170
0,187
0,255
44,255
181,255
135,255
141,255
0,255
0,255
56,255
0,255
169,255
0,165
0,255
0,255
0,146
0,255
197,255
0,255
89,195
92,255
0,255
0,255
46,255
0,255
0,255
97,255
0,255
123,255
0,223
0,255
0,255
57,255
48,255
57,255
0,255
0,215
32,254
0,255
0,0
0,225
48,255
123,255
77,183
0,190
8,255
0,232
166,189
0,255
82,194
0,121
0,255
50,183
0,214
0,43
20,255
0,255
0,255
0,255
0,255
57,218
0,233
0,255
0,253
0,135
141,255
0,255
137,227
0,0
0,0
110,255
153,243
39,255
0,199
0,255
174,255
129,255
0,209
100,255
0,255
30,255
0,242
168,255
0,188
120,255
0,84
0,200
0,157
43,255
198,204
0,255
120,255
49,206
101,255
6,0
0,255
138,255
178,174
0,195
153,255
0,183
0,0
71,177
0,255
0,255
98,255
0,154
190,255
0,153
0,0
0,179
0,0
0,255
17,221
186,255
9,255
150,255
120,255
0,145
129,255
0,255
152,255
190,255
0,199
12,255
0,255
91,255
48,211
151,255
0,197
0,239
0,255
0,255
95,255
0,255
0,254
155,254
0,214
24,215
168,247
138,255
137,235
62,255
157,163
73,255
0,255
171,255
56,240
0,255
0,176
161,255
13,185
0,255
0,226
101,255
0,203
16,182
137,255
69,210
0,255
0,199
162,0
101,255
0,198
116,231
56,255
0,93
53,208
24,255
0,142
41,255
135,145
0,255
119,255
173,209
0,190
0,217
0,226
69,187
113,255
0,255
0,255
0,255
0,207
0,255
0,254
0,0
0,255
0,220
0,211
0,221
137,255
0,221
0,255
84,254
101,194
0,255
0,242
0,255
0,199
112,158
174,233
216,204
0,255
85,255
0,255
101,255
28,221
0,255
158,197
0,151
0,215
0,240
0,255
0,177
8,255
154,255
0,205
41,252
0,255
0,255
0,231
109,41
94,255
89,169
0,255
0,255
47,142
0,255
97,0
203,218
0,255
0,255
0,255
0,255
0,255
0,255
40,255
0,255
0,205
136,255
0,255
0,255
114,255
175,255
57,254
33,206
52,222
0,253
102,255
141,255
0,200
0,255
68,255
0,255
0,166
101,255
0,154
0,254
100,255
0,255
100,255
0,255
110,255
0,187
0,255
0,152
0,161
0,240
170,255
